customer_id,tickets_last_30_days,sla_violations,reopened_tickets,avg_response_time,sentiment_score,usage_drop_percent,churned
CUST_0001,6,2,1,53.34033145263436,-0.7050921651477302,5.790111455529798,0
CUST_0002,7,1,2,36.13072816797158,0.22331135129202817,76.3305313256858,0
CUST_0003,6,0,1,17.301404282933742,0.13149461310229182,17.860432085548872,0
CUST_0004,7,1,1,38.570182096252,0.42940463276451535,73.78462203868678,0
CUST_0005,7,0,1,60.44160833890561,0.8754092307587353,34.07145240293454,0
CUST_0006,6,3,1,39.94657309822292,0.8245091222023113,78.84193066041745,0
CUST_0007,11,1,0,32.30348547811532,0.8921512361376627,44.32467067681686,0
CUST_0008,4,0,2,58.88508314254082,-0.5105688059525981,74.46662913406459,1
CUST_0009,8,0,0,40.03837655965421,-0.7368693867212908,0.4279190955378276,0
CUST_0010,6,3,1,37.34758779524674,-0.395446599007103,59.85910449447201,0
CUST_0011,6,1,1,47.24184134494964,0.7901703455326292,72.24405224820123,0
CUST_0012,12,1,1,56.56125314428181,0.9441069492469765,11.177645358316326,0
CUST_0013,2,2,0,80.72570297598818,0.718649902140952,7.690068138572119,0
CUST_0014,8,2,1,57.40854161486135,-0.7799645577449128,33.96580857487645,0
CUST_0015,12,1,1,62.39759949582516,0.8948559961195863,74.69431249063481,0
CUST_0016,5,1,0,37.41050701518217,-0.15328394529842804,43.390924815235095,0
CUST_0017,7,2,0,29.611978410457855,-0.9813794184752926,42.19651709773857,0
CUST_0018,8,2,1,45.934970244286845,-0.1152125185036128,11.29008946394575,0
CUST_0019,6,2,0,46.607548728893946,-0.9078616606490648,0.06316088745750292,0
CUST_0020,11,1,0,28.822308879531043,0.0877558423222351,64.8112072596369,0
CUST_0021,6,2,1,42.370582051439804,-0.32289194512589736,7.005965038899058,0
CUST_0022,8,2,1,50.98976402578696,-0.053130132811902486,50.70798549882592,0
CUST_0023,9,2,1,50.405900925271204,0.22634072148623408,73.16931636121532,0
CUST_0024,11,0,2,52.56431780076409,0.7376021916356406,16.69215305267448,0
CUST_0025,5,4,1,49.364470952061644,0.3238031529438572,53.22182689895286,1
CUST_0026,9,2,2,37.394870110949164,-0.1319022630436386,6.295886136600757,0
CUST_0027,8,1,0,37.29149060026735,0.6388557073407302,48.30041150700904,0
CUST_0028,9,2,0,27.01572903009186,0.8111642751462644,13.11453767625622,0
CUST_0029,8,2,0,71.77162558777643,-0.7604800671356056,58.87628484121424,1
CUST_0030,12,0,0,45.201755469289395,0.0638659551055829,24.098503583512656,0
CUST_0031,15,1,0,41.627204163077224,-0.4309760805151117,37.0712807043717,1
CUST_0032,9,2,0,31.06811877821312,-0.9058776042461052,47.95444336220974,0
CUST_0033,5,1,1,89.03486853491668,0.3370933902279707,13.701872853299166,0
CUST_0034,7,3,0,28.900079516656568,0.7255415549184512,59.33102548940967,0
CUST_0035,9,1,1,38.5672811159089,-0.6741946910452119,24.211227250945164,0
CUST_0036,6,1,0,51.23755254429091,0.624827315247801,52.98974879302028,0
CUST_0037,9,2,0,54.00319448616416,0.7067914670738833,12.662644055949892,0
CUST_0038,5,0,2,59.36898082823526,0.828680885332967,55.04941273650802,0
CUST_0039,2,1,1,72.11412761653895,-0.46942982182789517,10.25504582483694,0
CUST_0040,8,1,2,52.592364831910686,0.8079061303797785,34.02851970159869,0
CUST_0041,8,2,0,29.159538000499985,-0.3586744905271355,19.776485899110146,0
CUST_0042,6,1,0,41.14582312317328,0.10467602691100564,59.8700199542546,0
CUST_0043,9,2,1,49.61748558770827,-0.8989850583354357,20.962800360549963,0
CUST_0044,3,2,3,76.02339062258736,-0.9122378232625128,70.5373845116317,1
CUST_0045,5,0,4,24.032917823635543,0.4407464254644058,71.34561691252902,0
CUST_0046,13,4,0,63.038647578378416,-0.11104004404441792,15.715305217822868,1
CUST_0047,12,3,1,47.69871554319625,-0.4874152492615649,49.10767560061794,0
CUST_0048,10,0,2,57.56745802844221,-0.6191730079501796,7.017411337597146,0
CUST_0049,7,1,1,43.47007925046102,0.33990698171843614,31.322967968130335,0
CUST_0050,6,1,0,32.363510548105104,-0.9991969119493203,57.06573836010178,1
CUST_0051,5,2,0,56.26309169101998,0.6117823383937084,52.7538597479933,0
CUST_0052,9,1,3,54.816465406584314,-0.8415007877401424,49.97605355252864,0
CUST_0053,6,0,2,59.58085448609583,-0.6170207701837611,22.603269092995486,0
CUST_0054,4,0,0,44.80043046932047,-0.2275272094018208,30.241995954752163,0
CUST_0055,8,1,0,36.00266965020226,-0.030282520567792792,8.235691576022894,0
CUST_0056,9,1,2,21.618195074642376,-0.29000976837211634,57.52182563468808,0
CUST_0057,10,1,0,57.290599022091094,-0.3585756700314122,40.311103743301885,0
CUST_0058,8,4,1,51.358342236659794,0.9278320241463769,56.70125058765237,1
CUST_0059,13,0,0,30.513260507040613,0.2831593624867885,19.91548198374982,0
CUST_0060,6,3,1,36.92139490055064,-0.9531340892652236,25.955058290805297,0
CUST_0061,15,4,1,37.99861782072839,-0.1396481831113736,26.737226980809172,1
CUST_0062,8,1,1,22.75523352026373,0.7500173994879404,2.059392779777296,0
CUST_0063,10,1,1,32.73476405092299,-0.3970876271786641,27.28382982644988,0
CUST_0064,5,1,0,27.992544647904687,-0.8108873104512235,64.26436588144269,1
CUST_0065,12,0,1,38.81281482168095,0.5167695431798356,71.78387965997908,0
CUST_0066,9,3,2,33.919537525056555,0.21202766387216254,41.45746525087419,0
CUST_0067,4,2,0,20.59492618699877,0.14062501565300778,36.44013561753762,0
CUST_0068,7,1,3,75.33885345854222,-0.8928468807851841,2.4659694959496203,0
CUST_0069,4,3,1,63.78811096543846,-0.7190019804089653,70.33634700683061,1
CUST_0070,7,4,2,33.314708677200215,0.24509879242622756,1.0408170740698175,0
CUST_0071,7,0,0,49.08632094980415,-0.5843523170823284,75.58000641681694,1
CUST_0072,7,3,0,51.261976347319425,0.008140159496848653,39.13729989504725,0
CUST_0073,8,1,0,62.86628782160216,0.08976337205878693,27.35475948597813,0
CUST_0074,4,2,1,32.72092460009882,-0.4329856194581212,73.93747478741281,1
CUST_0075,8,1,0,61.38160175973639,0.8968503110829857,1.951279448807739,0
CUST_0076,8,1,0,36.78142043689597,0.6849282136711503,46.51399158952697,0
CUST_0077,6,3,2,24.9620639374708,0.444747015265597,43.91460195994701,0
CUST_0078,6,2,0,55.86204838971746,-0.8440122671811818,17.545632096910566,0
CUST_0079,11,2,2,64.36137636183642,-0.7877399613819611,34.31099450801685,0
CUST_0080,7,0,0,83.81863460296026,-0.0144373082700886,52.181120475501615,0
CUST_0081,6,1,0,27.004121023646796,-0.6785733016180286,58.1704957505542,1
CUST_0082,6,1,0,55.483795276211836,0.9565309270589482,0.057348696526382525,0
CUST_0083,12,2,2,38.85298134309701,-0.6829595319451811,74.94827440728122,1
CUST_0084,7,3,1,56.75038065786047,-0.025064329072052027,13.162029791424992,0
CUST_0085,11,3,2,22.94265673153124,-0.27175788631698916,18.686434737788737,0
CUST_0086,11,2,0,26.05845336452154,0.27877284290819593,21.07787565550786,0
CUST_0087,8,0,1,33.36187765250274,-0.7419271822211502,3.025610924162825,0
CUST_0088,7,2,0,46.184460685021264,-0.1393671439152182,9.844169887225993,0
CUST_0089,9,0,2,35.38378100192467,-0.4505899343857127,78.90799383553296,1
CUST_0090,9,2,1,54.88581515870129,0.7755030493433761,25.217338990182885,0
CUST_0091,10,3,2,60.403419273868714,-0.9188285757306098,9.224087227123947,0
CUST_0092,13,1,0,53.99366311868034,0.8274549880129185,8.559300893969866,0
CUST_0093,5,3,1,69.28181459491302,0.6659882771060008,57.55679741359775,0
CUST_0094,9,1,0,51.23739944183014,-0.4048585671183691,68.36549312261127,1
CUST_0095,8,0,0,26.746549344897492,0.5785813093542094,20.55618396067759,0
CUST_0096,7,3,0,65.45064770307509,-0.9375728793225049,1.6727609868187976,0
CUST_0097,6,0,0,35.92265646591004,0.9337311005867872,17.847201475628466,0
CUST_0098,5,2,1,58.65627749528355,0.05318988517957868,4.521255263740587,0
CUST_0099,9,2,0,68.60601324832659,-0.39343794786910946,8.271594930403321,0
CUST_0100,6,4,1,51.85032016095599,-0.27483357481064585,34.52064958781139,0
CUST_0101,4,3,1,22.557617802530253,-0.8671892930790053,18.393469668930607,0
CUST_0102,7,2,3,31.22681750235313,0.9786990280840784,41.27567028203387,0
CUST_0103,6,2,1,64.84116700327704,-0.9214161096986151,20.27950026057523,0
CUST_0104,3,3,0,42.463159715357754,0.3098142462957181,75.24298408823581,0
CUST_0105,10,2,0,46.193603024132486,-0.11452814458708338,72.47551743410116,0
CUST_0106,11,2,1,56.38236624245414,0.8978324363774302,45.34448840083728,0
CUST_0107,8,0,1,55.44484293120485,-0.5080005193864097,28.353919358990893,0
CUST_0108,4,2,0,49.18199718578191,0.06417364787602264,30.491750562778847,0
CUST_0109,5,1,1,41.86997443169301,-0.03528758283449407,32.948182651559755,0
CUST_0110,11,2,1,40.30997331401464,0.4057328881002027,58.20634577079552,0
CUST_0111,6,2,2,57.86848237937014,-0.863979536095159,36.131119641507034,0
CUST_0112,9,2,0,53.3035429660169,-0.6124217399532903,68.5383957204718,1
CUST_0113,7,2,2,41.140499990733154,-0.5708703598143003,75.52758287442916,1
CUST_0114,9,2,0,61.23168469489711,0.47630150968337936,26.87569227031471,0
CUST_0115,7,2,2,43.06448827305324,-0.6217226073465199,44.85555851005441,0
CUST_0116,12,1,1,32.2250673849841,0.14698352778195334,7.6045229466051545,0
CUST_0117,11,2,1,33.615439516449825,-0.5695123589980926,16.037523821308717,0
CUST_0118,7,4,2,30.31888745535351,0.7232499001679569,33.07726133681281,0
CUST_0119,5,0,2,40.91384975094469,0.8843709089792771,16.49621727214231,0
CUST_0120,7,0,1,63.505864175042895,0.036985949884480895,70.1248392630974,0
CUST_0121,10,1,1,32.92357228454237,-0.29538223158164345,12.662900484727846,0
CUST_0122,10,0,0,47.827136415271546,-0.5318844499650017,36.45286572424736,0
CUST_0123,3,3,1,35.149659815588805,-0.9004379969539125,48.45593923679005,0
CUST_0124,11,0,1,41.09536438092844,-0.46299984760500923,55.349112652867554,1
CUST_0125,9,0,2,22.349381820221218,0.3084715598906358,30.645549578120537,0
CUST_0126,9,3,1,41.691926562651936,0.06723386261842168,69.52792549797829,0
CUST_0127,9,1,0,42.09441930292557,0.8880825565618549,45.46553208623404,0
CUST_0128,10,2,0,53.10431916053543,-0.20744547501659882,35.16062243580414,0
CUST_0129,6,0,1,48.34921369883056,0.38772668465678906,5.3792507241629295,0
CUST_0130,10,0,1,27.02411812571932,-0.021354505049757222,37.175157475613204,0
CUST_0131,14,2,0,61.262973660653145,0.025152431848423307,65.65886726525842,1
CUST_0132,8,0,0,48.15454560332993,-0.464451370791765,49.16328145770524,0
CUST_0133,11,0,2,47.9759027576623,-0.09009844631600061,66.57299629832947,0
CUST_0134,7,2,1,44.86226469922292,-0.058430005974585475,39.520933647944446,0
CUST_0135,5,2,2,37.23363829166671,0.4132850434978679,9.476936407558547,0
CUST_0136,7,2,1,48.26703509623089,0.8812799983722277,1.0911876668704856,0
CUST_0137,9,3,1,52.13382653892874,-0.34135744503499144,24.257563737487295,0
CUST_0138,8,2,1,18.796564629816675,-0.9155990628374031,55.8392377198234,1
CUST_0139,10,3,2,36.91858743980856,-0.0074097489987206,63.2207923153355,0
CUST_0140,9,2,2,41.17579544394616,0.08892266429833717,23.660226769626355,0
CUST_0141,9,1,0,48.84255908541417,-0.6631188977361695,39.652313670659765,0
CUST_0142,5,3,0,62.899665088906886,0.5209292125521334,33.68951235472653,0
CUST_0143,5,1,1,33.423887781048265,0.9698582168829832,32.841822748114225,0
CUST_0144,8,1,2,37.53057229773237,0.8915494340169219,18.50789705601204,0
CUST_0145,8,0,0,37.31198834030175,-0.6057879223526956,10.90968840235667,0
CUST_0146,3,1,0,32.97708614843188,0.7507264798015214,15.73508465849705,0
CUST_0147,4,1,0,39.79220257331606,0.40898727282336944,4.426590973067688,0
CUST_0148,8,3,0,56.56203329981957,-0.09230687238617685,15.850459345886163,0
CUST_0149,9,0,0,29.192467569534816,0.08122198864945807,0.7360718100303565,0
CUST_0150,8,1,2,51.41721592729355,0.6992003499649162,50.18067205087826,0
CUST_0151,8,1,0,19.471466549724965,-0.03973012072325366,25.310032591014632,0
CUST_0152,9,1,0,36.57993005336691,-0.2535852617897463,77.85157691415269,0
CUST_0153,7,1,2,40.05766049673021,-0.013505013948028388,15.497364062103829,0
CUST_0154,11,1,0,70.12289509371098,0.1582596080700982,27.66628562476751,0
CUST_0155,10,0,2,40.87796542870968,-0.6218446924433023,28.62729269132266,0
CUST_0156,10,1,1,11.981347898236223,0.8018154605339813,0.6761196849968432,0
CUST_0157,9,2,0,15.016666397081252,0.34837389765922766,67.13663624315672,0
CUST_0158,6,2,2,45.51044379520022,0.2665378346749778,2.5595568115459777,0
CUST_0159,5,0,1,54.20656283684863,-0.8010075476387237,75.2143867783393,1
CUST_0160,9,1,1,50.631837864408794,0.2083478763451836,71.36594808748966,0
CUST_0161,6,6,2,47.51355158701485,-0.7580786755230153,42.841753286877086,1
CUST_0162,5,1,3,62.433893962585,-0.8426046496092019,43.48764599290337,0
CUST_0163,8,1,2,36.90613168894303,0.054621791284786614,52.302233836492505,0
CUST_0164,9,1,1,58.423658340402376,-0.19442893190701005,30.964000954790958,0
CUST_0165,12,1,0,20.51977672460374,0.17762054031244645,51.77778267182844,0
CUST_0166,8,1,1,31.425782505929007,-0.8215556638855228,3.5814710950789497,0
CUST_0167,14,3,1,17.894379076022755,-0.1380338743054832,4.323810187978125,0
CUST_0168,3,1,1,40.877320489953114,-0.6504265699096841,36.57843356956355,0
CUST_0169,6,1,0,44.30608174100486,0.9742001718482332,43.9697840884828,0
CUST_0170,8,0,0,46.7115223833978,0.12230042487034876,71.02541122686551,0
CUST_0171,10,3,2,45.92825029330703,0.3748737218817346,8.3728507126317,0
CUST_0172,4,0,1,31.08670003782408,-0.3491634386347844,65.81183417551115,0
CUST_0173,6,0,1,42.14638733380176,-0.8105221704413117,16.80378698336557,0
CUST_0174,9,2,1,22.53829997091377,0.9517417255670733,31.52669188080255,0
CUST_0175,7,1,1,65.44843462698375,-0.4274819292336336,25.32819478619303,0
CUST_0176,11,3,1,40.44560890652998,-0.15238362965285157,32.01242182923192,0
CUST_0177,11,1,0,37.66670821434463,0.29972784340515,12.039639845806844,0
CUST_0178,8,0,1,68.83410492666124,-0.9506054046277774,40.2856059522844,0
CUST_0179,10,5,2,26.36630199676156,0.6205182610345739,64.13140718650938,1
CUST_0180,8,1,2,28.116193289520464,0.07315638005724057,35.32272083031175,0
CUST_0181,5,2,1,28.556695126971523,-0.4435656258623557,39.24908607185593,0
CUST_0182,5,2,3,43.98192927450777,-0.8767840294150615,67.90140682250514,1
CUST_0183,12,0,1,51.47447444456396,-0.6750031690511171,56.48464917104246,1
CUST_0184,7,0,0,56.095132021767505,0.7900677177068738,39.23635268158278,0
CUST_0185,13,1,1,83.57992976242454,0.37204844787178204,20.615651855134374,0
CUST_0186,6,3,0,11.258513186988544,-0.5001965567262203,70.79413974759733,1
CUST_0187,7,1,0,54.13103383686625,-0.8687984701099409,46.161632135244666,0
CUST_0188,12,2,2,36.64304141141653,0.38123062477327263,17.69180880885547,0
CUST_0189,8,0,0,36.2037727666684,0.14481545193553025,21.52958021104083,0
CUST_0190,12,2,0,35.70341807619184,-0.19096095108352995,64.25064711489968,0
CUST_0191,3,0,1,31.3684549378804,-0.27277710161987234,3.5316449669964367,0
CUST_0192,9,1,1,70.26787251905178,-0.5663714481417834,79.3673749623056,1
CUST_0193,6,0,1,57.634459905208544,0.33922251307503526,10.428134377183342,0
CUST_0194,6,1,1,45.347939678360625,0.941336055587741,63.685482031754994,0
CUST_0195,8,1,1,65.265236287305,-0.6485695083263483,31.582025341734628,0
CUST_0196,8,0,2,22.312065520516867,0.19423324003100673,39.37729466299735,0
CUST_0197,6,1,2,25.039423030036108,-0.1516298885080476,70.45204619716623,0
CUST_0198,5,1,0,12.330484017079684,-0.10662255651067021,33.032895167137056,0
CUST_0199,9,1,0,34.50878189815069,-0.4917054397443712,42.99950029385876,0
CUST_0200,11,2,2,47.425477900571295,0.6502697513228382,3.9439729927335954,0
CUST_0201,7,1,1,46.54287866898501,-0.02948879170551777,0.1877979093962523,0
CUST_0202,9,3,3,47.240128665898204,0.08681170439652819,19.583989840138074,0
CUST_0203,4,1,0,23.83414753400877,-0.3904781744053485,54.44664743350138,0
CUST_0204,4,0,1,57.047321139210325,-0.6363830686661005,9.701191468730936,0
CUST_0205,6,2,1,48.59441277358497,-0.828179223594359,9.100956704363954,0
CUST_0206,4,3,2,55.995814221989974,0.4282382818498318,32.87684864287226,0
CUST_0207,10,2,0,16.60856733614922,-0.6075314366242888,51.82696308865812,1
CUST_0208,10,1,1,49.67236288196685,0.38015070837759546,56.96575937983444,0
CUST_0209,9,1,0,27.183521401237098,-0.21924710790609225,14.276053927869983,0
CUST_0210,15,2,1,39.04015121172957,-0.16845039802069706,6.367051789763396,0
CUST_0211,7,2,0,53.01547347954575,-0.06164500781445659,75.23176271564354,0
CUST_0212,13,2,0,46.366404093838696,-0.2645829837449136,20.853310604968136,0
CUST_0213,5,2,0,32.22690030331022,-0.7987600455548198,68.2677198086979,1
CUST_0214,10,2,1,45.094097342766275,-0.3807363799943084,69.07931603702546,0
CUST_0215,7,6,0,22.026970271345355,0.32746872138787686,61.80180734100355,1
CUST_0216,11,0,1,62.25401093847444,0.33156880293774194,13.506688532205606,0
CUST_0217,7,2,0,41.92073970755623,-0.42755138552001126,65.74411674033603,1
CUST_0218,10,2,0,61.77824916382989,-0.07979474688462407,61.54004473932694,0
CUST_0219,9,0,1,37.10202469355936,-0.613105543976125,47.73783920849737,0
CUST_0220,12,2,0,37.14636017390126,-0.5792558369403285,26.97616281351622,0
CUST_0221,5,1,0,33.5371982004323,-0.9539058231867852,21.000688341323528,0
CUST_0222,6,1,1,58.14260897539613,0.7934930998154892,9.751136966428717,0
CUST_0223,8,4,0,34.358532640072866,-0.5785866698501876,40.780565352069715,1
CUST_0224,11,3,0,54.66893148622765,-0.5449322461270734,46.820870040787725,0
CUST_0225,5,1,1,39.26321403496065,-0.44079713470973636,28.74711924126298,0
CUST_0226,6,0,0,15.360550501625706,-0.745183856609142,38.028725414469484,0
CUST_0227,7,0,1,36.44528898320301,0.27852576636272564,29.081156589541337,0
CUST_0228,10,0,0,27.313376784557278,-0.8497140936448269,51.2804845856561,1
CUST_0229,7,2,1,45.50854085523506,-0.7315951473472995,72.10073662372507,1
CUST_0230,8,2,1,27.143883964882647,0.28951345318018573,13.11362096375559,0
CUST_0231,9,5,1,58.88962651071925,-0.3206787590371145,30.512704792249874,0
CUST_0232,7,1,1,43.63386209470459,0.4158956534023781,11.269488316068905,0
CUST_0233,7,0,1,42.336060078618914,0.11484948934028405,49.995501632626556,0
CUST_0234,8,1,1,54.838382066813736,-0.4879576538769739,58.309640759087664,1
CUST_0235,11,2,1,59.458604011137936,0.30165590097865613,74.55301860779647,0
CUST_0236,12,1,0,44.69851872345522,-0.7674526394142387,22.309754100877193,0
CUST_0237,8,3,1,33.43199550676064,0.07282076616006083,76.01689646923441,0
CUST_0238,11,2,0,18.39045575831806,-0.1257037899099307,5.061013745653984,0
CUST_0239,5,1,2,34.7092536444723,-0.46425283436511844,48.24110906916705,0
CUST_0240,10,3,2,35.741816300280576,0.20800999547900023,4.570617547466398,0
CUST_0241,9,0,3,46.605861794884454,0.742667184680565,71.50193502095559,0
CUST_0242,9,0,1,39.82279678292959,0.9978093995261534,42.38472456560433,0
CUST_0243,7,1,0,55.318994580771424,0.215525537486849,53.547868061023685,0
CUST_0244,9,4,0,35.80525093093966,-0.1905882513416597,66.5259140728362,1
CUST_0245,12,2,3,44.144382497205875,-0.5495857995675968,12.0248497987175,0
CUST_0246,7,0,0,62.75981164795334,-0.4858078212097765,3.0873249550507076,0
CUST_0247,10,1,0,50.1273782093245,-0.04109004370046865,70.31049167302817,0
CUST_0248,7,1,0,44.09943687467153,-0.2654445974385815,25.1946581967146,0
CUST_0249,4,2,0,35.97083337097234,0.8276290452498885,10.318312634173221,0
CUST_0250,9,3,1,35.50152904927535,-0.26340906468858094,37.47689896696692,0
CUST_0251,4,3,0,32.240801205720786,-0.253110817709129,47.8644860556815,0
CUST_0252,7,3,0,36.884897013256506,-0.23293097513204608,2.47764827380081,0
CUST_0253,15,1,0,56.33498758116472,0.6732404207353162,21.99165266056702,0
CUST_0254,10,1,0,41.67167593061597,0.3015766416938037,2.623989942151681,0
CUST_0255,5,1,3,24.753403959281535,0.22833770063778536,33.62683113563992,0
CUST_0256,7,0,0,71.52253939589676,-0.33171395523227565,71.60800232529954,0
CUST_0257,3,2,0,49.799477867177444,0.6358083536648789,78.61219291948554,0
CUST_0258,3,1,2,23.89584899230246,-0.9232722772885977,50.963804280290205,1
CUST_0259,8,3,1,38.372266091387644,0.7415943446762263,12.931015502767345,0
CUST_0260,9,2,2,46.66329574242627,0.025499799587859195,72.46795119994447,0
CUST_0261,8,1,1,70.56888139946065,-0.20349953027317436,41.29982585600484,0
CUST_0262,4,1,0,28.37831312611696,-0.005665438564628644,12.299944968233447,0
CUST_0263,6,2,0,59.640610790339196,0.33483106106766214,73.73813355613291,0
CUST_0264,7,0,0,65.99229640458515,-0.9744691469642053,60.59752405784824,1
CUST_0265,7,3,2,35.57018542388145,0.7431037129164955,58.53642181785212,0
CUST_0266,4,1,1,40.837295717096495,-0.10652094937721435,56.73445630355238,0
CUST_0267,5,0,0,29.455361289393444,-0.3140669605998436,16.027185687715388,0
CUST_0268,13,0,0,41.94808288379543,-0.7235088687318858,16.880535336602087,1
CUST_0269,11,1,0,44.451150384856035,-0.12106925128311574,55.0634398741804,0
CUST_0270,4,0,0,54.894749971235555,-0.0073544574312423006,17.57782000883175,0
CUST_0271,8,2,1,61.3527520653067,-0.19270661101304443,35.09373574424391,0
CUST_0272,6,1,1,33.7785590306753,0.35732018765379414,62.56014604751531,0
CUST_0273,4,0,0,15.490124036610084,-0.15820694248154799,62.716201447827274,0
CUST_0274,5,0,0,44.681328310856365,0.9228351556931467,36.26094180206877,0
CUST_0275,12,1,1,49.403062949529605,0.1985550356471837,63.37519506201961,0
CUST_0276,9,0,1,48.741265315275626,0.6149558713038179,67.08974369584455,0
CUST_0277,7,2,1,40.09990128736434,-0.7812881937810423,52.38206010274082,1
CUST_0278,11,1,0,46.87128149495902,-0.2054174141081886,18.274068184673613,0
CUST_0279,10,2,0,67.73167212528372,-0.3263045971056946,21.9209424308438,0
CUST_0280,11,1,0,50.726012534437636,0.1389647762731836,25.18729243269883,0
CUST_0281,13,0,1,39.399473624953735,0.7222270401228512,9.34432861871616,0
CUST_0282,9,1,0,37.49703274356006,-0.8433235644759867,21.85276962959561,0
CUST_0283,7,6,1,42.45221463483404,-0.8548504039105784,16.76153794500257,1
CUST_0284,5,2,2,69.5510994274596,0.7006354163151978,36.42629998468817,0
CUST_0285,8,1,0,42.25048935710704,-0.5742998279232852,72.67500382978119,1
CUST_0286,9,2,0,44.70308483218938,0.3375065088996274,8.358425340316646,0
CUST_0287,6,3,1,37.765296435955456,0.08575626472161035,57.62143391579165,0
CUST_0288,7,1,3,61.484750361629466,0.6657871897744589,54.982640353050215,0
CUST_0289,7,3,0,74.39755882117012,-0.7498221803271929,7.660335893068613,0
CUST_0290,10,0,1,51.759195741470826,-0.7404340685547774,73.805792392464,1
CUST_0291,10,2,0,46.24159355678139,0.11363672055661511,45.47777617254557,0
CUST_0292,6,0,1,45.551742497613525,0.8927573067167418,29.09804169085474,0
CUST_0293,4,3,2,9.235398168213813,-0.1700044832584915,60.523086679624534,0
CUST_0294,4,2,1,56.17726296427226,-0.3461157994906101,20.589236672130724,0
CUST_0295,4,4,0,47.012496239937654,0.21337864639577164,55.48078696370563,1
CUST_0296,9,1,0,51.42513075991087,0.8608972010900622,3.1768966057797776,0
CUST_0297,7,3,0,34.328067088744426,0.6738556656892474,67.15264300874176,0
CUST_0298,11,0,1,39.23314681534362,0.9909672214664398,35.85366776170548,0
CUST_0299,8,2,0,38.834625952452406,-0.9548628335952458,50.93543314863534,1
CUST_0300,12,1,0,60.32434476109558,-0.7742837105744755,17.699025584534695,0
CUST_0301,10,1,2,39.3186024509536,0.218935526733244,54.165897012675835,0
CUST_0302,4,0,0,76.23990483164697,0.6411528786676994,61.77922207146213,0
CUST_0303,3,1,0,51.46293628522556,-0.4295113153864669,37.8570549507519,0
CUST_0304,5,0,0,25.864760100064025,-0.5215778239315625,49.418153924943546,0
CUST_0305,10,0,2,43.071805601220646,0.5739515987624018,36.50607390579189,0
CUST_0306,5,2,0,35.22487316765377,-0.8872362922935368,71.52730954062764,1
CUST_0307,4,0,0,12.084262952699639,-0.2612347048348298,39.82953444114553,0
CUST_0308,10,0,1,68.99206410170684,0.011618445184659487,67.34469672230551,0
CUST_0309,6,3,2,55.54713813330006,0.12069734870064686,64.10816466161988,0
CUST_0310,10,2,2,52.99810976848969,0.45723031358555377,32.84038570786852,0
CUST_0311,11,1,0,47.481054904495565,-0.29030855313868353,18.406759348598,0
CUST_0312,5,4,0,24.269736469613434,0.2253686893492144,32.486570604781676,0
CUST_0313,8,2,2,37.74574290666845,0.17075084558191267,66.09739006201761,0
CUST_0314,6,3,3,57.626711621760194,0.09523220130749421,18.210602865551387,0
CUST_0315,9,2,1,29.23169955326246,0.2809665862844244,41.954907668619946,0
CUST_0316,11,1,2,7.023460256237797,-0.4811016578638474,64.4877398368598,1
CUST_0317,13,2,2,41.59340988328611,-0.830702492830742,28.2781980102703,1
CUST_0318,4,3,1,42.873636689586924,-0.7614566559205131,51.376770960215794,1
CUST_0319,8,2,0,47.033451246220636,-0.5508352346921979,19.650525923905164,0
CUST_0320,5,1,0,55.927779652718044,0.0003958710455704839,8.742355629452794,0
CUST_0321,11,2,0,54.56408718346813,0.6808855010920403,63.55073800742851,0
CUST_0322,8,2,1,48.881547078658826,0.40258668417676824,7.917489872696546,0
CUST_0323,3,1,2,62.93297082130064,0.5780812084040943,21.710511606366765,0
CUST_0324,10,1,0,22.21545328780028,-0.29804875214781723,68.4087537597952,0
CUST_0325,12,0,1,52.568727217160856,-0.19069251670289966,27.717542966293376,0
CUST_0326,7,1,2,54.39807545005414,-0.21263622801877435,77.84362796113288,0
CUST_0327,8,0,1,26.406565708796407,-0.616253631190997,78.37874678190877,1
CUST_0328,2,2,0,22.45694086976416,-0.877566683712856,21.462081636284537,0
CUST_0329,6,2,1,33.81086810286598,0.18183218565445358,3.278257779991236,0
CUST_0330,2,2,1,35.07687836227062,0.9784333668411722,56.40506273643033,0
CUST_0331,11,0,1,56.30129195253646,-0.6663405900994743,36.0789202118675,0
CUST_0332,11,2,1,35.78191824463357,-0.9066303602014525,8.060227516766103,0
CUST_0333,8,2,0,32.15477222578194,0.5590633636478659,56.60182551824342,0
CUST_0334,14,3,1,35.82549394958161,-0.4948279866305516,2.493992728953698,1
CUST_0335,13,3,2,61.779485012313174,0.6592876107058567,69.61573523937938,1
CUST_0336,2,3,1,45.19565061565428,0.4078733340690308,11.092202329064298,0
CUST_0337,12,2,2,42.31123461964632,0.8913470741016092,10.184950299738,0
CUST_0338,7,2,1,43.34991751948423,-0.182145528486656,14.053783837486762,0
CUST_0339,9,0,0,64.38090501489785,0.3239396789012683,76.82130867936533,0
CUST_0340,6,2,0,33.76242410095137,-0.07029043837345861,55.45354882030768,0
CUST_0341,8,2,1,64.73262436410155,0.261177394617087,64.10972283709094,0
CUST_0342,9,2,2,48.15744448382255,-0.10080218798452534,31.81079885862024,0
CUST_0343,7,0,0,42.593709270369786,-0.6227355071518503,26.905018200396444,0
CUST_0344,8,0,1,82.51350746901423,0.015794832006761794,18.758720542653595,0
CUST_0345,6,2,1,29.165407653021056,0.05716840287488467,38.45184226499271,0
CUST_0346,7,1,1,39.69471360649491,0.6212076965203222,44.14629868273348,0
CUST_0347,10,2,0,26.513531412539997,0.4710414115871624,50.54198749222043,0
CUST_0348,9,2,0,59.286929558042544,0.3275832478828882,20.56948031989556,0
CUST_0349,9,4,0,70.33783400477519,-0.7732258088948549,75.89232647223925,1
CUST_0350,2,0,0,70.04884172106958,0.44123258132743004,13.580679856570868,0
CUST_0351,6,1,1,63.35923129719007,0.000610312709029559,77.25225398131299,0
CUST_0352,9,0,0,42.035692983060514,0.7881990722123184,1.188489800600303,0
CUST_0353,4,0,1,39.521385337652305,0.8397418682610855,38.49005534534765,0
CUST_0354,13,0,0,19.932453412589023,-0.8896868187964291,26.669427049325023,1
CUST_0355,8,1,0,75.53810302772689,0.6412831207089575,35.92987311442006,0
CUST_0356,11,2,2,52.034671172227014,-0.9246052191546588,45.65316631846312,0
CUST_0357,6,0,1,37.620646426957755,-0.2656607486099547,34.84713264101672,0
CUST_0358,8,1,1,64.92085333480452,0.08459995124215824,33.1877480241276,0
CUST_0359,7,3,1,30.40853224859999,-0.7037984027457451,58.61787323306452,1
CUST_0360,11,1,0,51.099330513340114,0.4926276251381536,54.87010200691717,0
CUST_0361,8,3,0,42.41056298563748,-0.9832905916557229,66.66170256286783,1
CUST_0362,11,3,1,54.580157098204516,-0.6628019031319263,19.996718499159645,0
CUST_0363,2,2,1,44.04639691220818,0.1615936597069514,48.762280780325085,0
CUST_0364,5,1,0,23.236081633331636,0.42877512407458473,46.81558283142831,0
CUST_0365,5,1,1,46.13364559005057,0.8332862053878323,29.5790248698151,0
CUST_0366,6,1,1,60.73296212813043,0.4109933038692477,38.88460335221447,0
CUST_0367,12,1,1,44.56175391219022,0.3435585405097319,25.1025714644583,0
CUST_0368,5,0,0,56.62672682383629,-0.2113177072986714,11.347551809358816,0
CUST_0369,7,2,1,29.317057714889202,-0.9974311489463972,17.104096853018625,0
CUST_0370,7,1,0,44.60608810095222,-0.7596814825287561,8.441091712096087,0
CUST_0371,13,3,1,35.63234317367134,0.06910908951207828,54.64556601520993,1
CUST_0372,9,2,1,56.20471260157065,0.35025977168883937,52.85819144873212,0
CUST_0373,8,2,0,45.47237343392994,-0.16510343220707502,76.04850972638982,0
CUST_0374,8,0,0,55.35110514504919,0.4613580230567804,58.3742730917793,0
CUST_0375,4,2,2,61.31565639236799,0.04372459066435752,4.163667100490516,0
CUST_0376,10,1,0,55.374278626820825,-0.8516476088113756,70.73961391431634,1
CUST_0377,13,3,1,49.09677651440467,-0.6159674980641023,69.01401303565807,1
CUST_0378,6,2,3,30.02681612232892,0.6799964464878858,35.46562566181589,0
CUST_0379,9,0,1,44.95820833999648,0.449825493248879,46.869044042233725,0
CUST_0380,9,4,1,37.00364396976251,0.78952397402499,78.08626659780151,1
CUST_0381,9,2,1,39.8390406494366,-0.7648855017581269,42.5843491078533,0
CUST_0382,3,3,1,39.38198773874624,0.9804450692301478,72.42574627008719,0
CUST_0383,8,0,1,30.301116378266332,-0.5811865721001328,6.643100624814915,0
CUST_0384,9,1,0,15.639921162990152,-0.976440247426716,15.284149496694628,0
CUST_0385,7,2,1,34.9778542750835,0.9948458781071083,35.26039547530543,0
CUST_0386,6,2,1,47.90069177886239,-0.4378522291097737,46.780544666984376,0
CUST_0387,4,1,2,24.777344318587648,0.3360389050251198,65.29822814902401,0
CUST_0388,16,1,0,45.235233547074365,-0.6466353716473896,79.06096921145495,1
CUST_0389,11,1,4,73.50402636466447,0.16045706439828344,31.108119717929313,0
CUST_0390,9,2,1,60.34584832878359,0.8080699729091185,3.793250891206794,0
CUST_0391,7,3,0,69.65312263680794,-0.3596376651431228,64.09372026362598,0
CUST_0392,13,3,1,50.866918153990895,0.3405079520887184,48.35045752662465,0
CUST_0393,4,1,1,62.51264734479669,-0.624192822403167,15.883428709456133,0
CUST_0394,10,1,0,34.14052904298319,0.2495907974374505,39.586276529713615,0
CUST_0395,8,1,1,35.334895994670234,-0.3270992963649797,59.38481964269795,0
CUST_0396,8,3,0,5.0,-0.5775834828240967,61.6329429654915,1
CUST_0397,5,3,3,62.792182110634485,-0.3736358985927297,39.96947295990096,0
CUST_0398,9,2,1,68.1048596972983,-0.6423178629844013,24.41716241030873,0
CUST_0399,5,1,0,36.702341319790946,0.8038322156757656,77.89940656307948,0
CUST_0400,6,0,3,41.190724404041475,-0.20562622736574232,53.069008876519426,0
CUST_0401,8,1,1,33.692068294635575,-0.5094413900512653,32.659001547703895,0
CUST_0402,5,1,1,50.739803272162376,-0.10318431796813421,22.43705793637219,0
CUST_0403,13,1,0,61.87398817954861,-0.3589276663870089,58.48823864028497,1
CUST_0404,11,2,2,18.858420391784385,0.48883850762665193,19.374675647501416,0
CUST_0405,9,3,0,51.141577959633786,0.9424398237709888,13.736799117895053,0
CUST_0406,6,3,1,40.84992342421282,-0.12393268660470635,42.38671111696562,0
CUST_0407,9,1,0,46.70091587950034,0.7220667999444808,23.19899141153135,0
CUST_0408,9,2,0,51.884910025114365,0.13172614711923902,50.3124115938892,0
CUST_0409,3,1,0,42.17696341840768,-0.685528669811533,9.435093989938679,0
CUST_0410,7,2,2,43.44619719891329,0.3812454841626831,52.395288365385724,0
CUST_0411,8,0,2,41.79187248668042,0.026868994251640244,22.663722239816178,0
CUST_0412,8,1,0,59.55474302682422,0.3012130465042069,0.019434754761018525,0
CUST_0413,7,0,0,51.28139940191245,0.7793748251433299,10.15488461393411,0
CUST_0414,6,1,0,48.30875306606041,-0.11913085868790785,74.68923022680752,0
CUST_0415,5,1,2,25.935724183615758,0.8023552464347112,69.38837112922863,0
CUST_0416,10,1,1,39.32130385180269,0.5013380285633098,18.688722562898946,0
CUST_0417,5,0,2,58.480037405087614,-0.022790148244030473,62.2697523636393,0
CUST_0418,8,2,1,45.56544859685884,0.20644427131592735,48.68572745391794,0
CUST_0419,8,1,1,54.89297204383708,-0.3488377349619771,77.67237691598956,0
CUST_0420,8,3,0,71.49767700491451,0.9671945994775484,29.88845276272473,0
CUST_0421,6,0,1,60.57909103813225,0.334702326100792,54.5168490013737,0
CUST_0422,8,1,0,46.397375065496135,-0.9123062950067402,5.082857793913487,0
CUST_0423,7,4,1,37.33516244706409,-0.3467561885039825,31.699787745312477,0
CUST_0424,10,1,1,6.69675605916153,0.24662886751811497,77.10541289505444,0
CUST_0425,7,0,2,42.474226162907215,-0.8873334444015204,43.11846995600965,0
CUST_0426,8,1,3,40.109812562747265,-0.9522316173617145,23.030360266787568,0
CUST_0427,9,1,0,50.85549291593063,-0.09995152094439486,9.621677050288548,0
CUST_0428,8,2,1,42.69142159537969,-0.33461964061466,56.282267214522435,0
CUST_0429,6,2,1,40.19422410844808,-0.12340278393366821,51.588483474378144,0
CUST_0430,9,3,0,18.30901604239169,-0.47461338023998967,29.91509708830197,0
CUST_0431,7,3,0,30.900482562749005,-0.6705645061140382,76.07530814926675,1
CUST_0432,8,2,0,52.149765612008366,0.37828671396067537,1.7762250390280254,0
CUST_0433,11,1,2,70.73861446699041,0.029142232535600998,24.297908130546062,0
CUST_0434,7,3,1,43.537119243815646,-0.5996915775012663,73.68555890396651,1
CUST_0435,9,1,1,49.91716610361185,-0.3608211474800034,25.67483506555523,0
CUST_0436,8,1,3,59.28717235429208,0.18361581532665183,20.18022670841363,0
CUST_0437,6,1,2,32.836590956996254,-0.8555413034550443,42.73763279449979,0
CUST_0438,6,1,2,50.502210649281636,-0.7050939814676409,65.90413999364303,1
CUST_0439,14,1,1,33.892648405017624,-0.8535087917852198,8.251740870268884,1
CUST_0440,12,0,1,57.97236657736517,0.6246346654282378,75.4416567716589,0
CUST_0441,5,3,1,47.27104571927599,0.5048184664240185,63.60583049449312,0
CUST_0442,12,3,0,49.4767772097216,0.5066258637585141,14.500020444124155,0
CUST_0443,8,3,2,33.26102103872117,0.4326506869520561,56.960636895853014,0
CUST_0444,7,2,0,55.605485394161775,0.3387708473397384,30.79669781100457,0
CUST_0445,4,1,1,76.27069381846525,-0.04601616924365004,32.18357424610549,0
CUST_0446,5,1,0,29.881324568576908,0.28455632701422995,62.66320739510931,0
CUST_0447,5,1,0,39.90361488528714,-0.9232768904240507,77.02278463845857,1
CUST_0448,4,2,0,48.474112112521375,0.24292884531356917,10.132469827775514,0
CUST_0449,7,0,1,56.796093179937245,0.5557554110737544,33.65041895030555,0
CUST_0450,9,0,0,36.60680572065797,0.0007167207687803767,38.47532864674428,0
CUST_0451,7,2,0,5.0,-0.28497334314552614,30.10494535639981,0
CUST_0452,6,0,0,65.38784241246037,-0.44514653039804175,29.055129897298002,0
CUST_0453,7,4,1,56.40759179376214,0.28560410032416494,4.181493404927723,0
CUST_0454,4,0,0,18.855787042700022,0.3856023972598175,54.84308964500986,0
CUST_0455,9,0,1,35.88646812330666,0.7419351997250851,34.89715336960363,0
CUST_0456,10,1,0,68.52273644290989,-0.31533183507801854,15.583504211514141,0
CUST_0457,11,1,4,66.71694627686799,0.5395446147711711,65.28268018416547,0
CUST_0458,11,4,0,59.07960034018417,0.12271164837867587,64.20485985213023,1
CUST_0459,8,1,3,42.35831349060206,0.7656729813561582,38.91133024711151,0
CUST_0460,10,1,0,46.24481128218765,0.055624216591241504,23.87605289182084,0
CUST_0461,9,2,3,43.0361129231081,0.03525965679593446,51.047418063716194,0
CUST_0462,8,1,0,61.92359674903256,0.1557541628818182,23.052170862192245,0
CUST_0463,3,5,0,31.86236390257335,0.4986307102848688,18.880634425896965,0
CUST_0464,5,3,1,32.91300517673693,0.9293809576569219,58.441172322106134,0
CUST_0465,7,4,0,60.15411880254024,-0.8528732915684687,3.226019177676056,1
CUST_0466,7,2,1,44.334578167326576,-0.8931307952179657,7.581477682767517,0
CUST_0467,8,1,1,65.67701033180712,0.875100674814677,0.5430539218871822,0
CUST_0468,5,1,2,34.92731689529182,0.05975125103641221,12.235454918034092,0
CUST_0469,7,2,1,44.178324594917626,0.22980602913387216,5.519200696836757,0
CUST_0470,7,1,0,31.163805227340703,-0.035152796810542286,79.66418942239349,0
CUST_0471,7,2,0,45.11044022135351,-0.812685094785051,23.104797596327167,0
CUST_0472,7,2,2,22.821795945018017,0.5361787568373331,11.941441013539782,0
CUST_0473,10,1,1,37.685498685675554,0.49444929017717376,19.279700639673436,0
CUST_0474,7,1,2,23.456192026078234,-0.376593357014376,74.89004572321078,0
CUST_0475,9,1,1,55.408848497868874,-0.3875215095431992,41.61281784195165,0
CUST_0476,7,3,1,55.74884009639477,0.675682761811037,29.18544770462855,0
CUST_0477,5,1,0,19.046059042734825,-0.8552854845173468,69.87131663273755,1
CUST_0478,8,2,0,65.00828618250858,0.7622102967131317,31.599221643922597,0
CUST_0479,12,3,0,82.4612268962978,-0.48667662020817115,26.800685596615665,0
CUST_0480,4,1,1,45.69009580104512,0.18596949551098785,16.582601803978847,0
CUST_0481,9,0,0,35.38328609663033,0.8719883580035555,30.223745912752918,0
CUST_0482,7,3,2,87.3649588650457,0.3562450030732929,25.334748481354083,0
CUST_0483,9,2,0,25.21547252546234,-0.17114037506592683,54.184316743851284,0
CUST_0484,10,1,2,45.30159700303648,0.37906841781083034,23.16661637365817,0
CUST_0485,6,2,0,47.69433408947885,-0.31204072736725963,46.175979713804914,0
CUST_0486,11,0,0,65.17721430678623,-0.44548316730162774,5.271373202557816,0
CUST_0487,6,0,1,50.396084626901825,0.9933665558693594,15.303132535721149,0
CUST_0488,9,0,0,37.52049156317323,0.5015804623595754,32.5924217289079,0
CUST_0489,9,2,1,30.73223444418066,0.28943995476363527,74.95594031269563,0
CUST_0490,7,0,0,39.872672696307966,-0.28942071356136245,30.180158857255634,0
CUST_0491,7,2,0,29.89608958582284,-0.9016783416899037,53.12592969598673,1
CUST_0492,8,1,1,45.717379796770246,-0.9378862479296888,20.406977793711853,0
CUST_0493,12,1,0,36.537057302092705,0.10836251089759763,10.162686077858538,0
CUST_0494,7,3,1,22.58943310065374,0.5240654420781021,4.68292800640401,0
CUST_0495,4,1,2,63.827186825623556,0.07475838088771014,24.433079883420106,0
CUST_0496,7,1,0,37.53491214856441,0.6815701438782291,12.612882143752637,0
CUST_0497,7,0,3,25.977947925370312,-0.9331469338135567,13.920835841289936,0
CUST_0498,7,4,0,42.47611298268688,-0.2664958471481198,60.860744670956,1
CUST_0499,5,0,1,46.02557348951488,-0.5258592176516439,1.2670456755899373,0
CUST_0500,7,4,1,18.802999116314496,-0.10545406368575594,44.624810058834754,0
